James,Smith
Robert,Johnson
John,Williams
Michael,Brown
David,Jones
William,Garcia
Richard,Miller
Joseph,Davis
Thomas,Rodriguez
Christopher,Martinez
Charles,Hernandez
Daniel,Lopez
Matthew,Gonzales
Anthony,Wilson
Mark,Anderson
Donald,Thomas
Steven,Taylor
Andrew,Moore
Paul,Jackson
Joshua,Martin
Kenneth,Lee
Kevin,Perez
Brian,Thompson
George,White
Timothy,Harris
Ronald,Sanchez
Jason,Clark
Edward,Ramirez
Jeffrey,Lewis
Ryan,Robinson
Jacob,Walker
Gary,Young
Nicholas,Allen
Eric,King
Jonathan,Wright
Stephen,Scott
Mary,Torres
Patricia,Nguyen
Jennifer,Hill
Linda,Flores
Elizabeth,Green
Barbara,Adams
Susan,Nelson
Jessica,Baker
Sarah,Hall
Karen,Rivera
Lisa,Campbell
Nancy,Mitchell
Betty,Carter
Sandra,Roberts
Margaret,Gomez
Ashley,Phillips
Kimberly,Evans
Emily,Turner
Donna,Diaz
Michelle,Parker
Carol,Cruz
Amanda,Edwards
Melissa,Collins
Deborah,Reyes
Stephanie,Stewart
Dorothy,Morris
Rebecca,Morales
Sharon,Murphy
Laura,Cook
Cynthia,Rogers
Amy,Gutierrez
Kathleen,Ortiz
Angela,Morgan
Shirley,Cooper
Brenda,Peterson
Emma,Bailey